timestamp,message
1767186212761,"INIT_START Runtime Version: python:3.11.v109	Runtime Version ARN: arn:aws:lambda:us-east-1::runtime:49f733259c7ce7e0deee75ff91c6afe35c7d58b04ed300f32701216263b4590c
"
1767186212825,"LOGS	Name: cloudwatch_lambda_agent	State: Subscribed	Types: [Platform]
"
1767186215645,"EXTENSION	Name: cloudwatch_lambda_agent	State: Ready	Events: [INVOKE, SHUTDOWN]
"
1767186215649,"START RequestId: f4b2ddca-a53f-4a2d-ad7f-33522a7838ed Version: $LATEST
"
1767186215653,"END RequestId: f4b2ddca-a53f-4a2d-ad7f-33522a7838ed
"
1767186215654,"REPORT RequestId: f4b2ddca-a53f-4a2d-ad7f-33522a7838ed	Duration: 4.20 ms	Billed Duration: 2888 ms	Memory Size: 3008 MB	Max Memory Used: 145 MB	Init Duration: 2883.33 ms	
"
1767186215742,"START RequestId: c8ae4ce1-4277-402b-b4a3-5da7baabfc91 Version: $LATEST
"
1767186215771,"END RequestId: c8ae4ce1-4277-402b-b4a3-5da7baabfc91
"
1767186215771,"REPORT RequestId: c8ae4ce1-4277-402b-b4a3-5da7baabfc91	Duration: 29.16 ms	Billed Duration: 30 ms	Memory Size: 3008 MB	Max Memory Used: 146 MB	
"
1767186216511,"START RequestId: 225037fd-6912-45d9-9f0c-daa676669581 Version: $LATEST
"
1767186216515,"END RequestId: 225037fd-6912-45d9-9f0c-daa676669581
"
1767186216515,"REPORT RequestId: 225037fd-6912-45d9-9f0c-daa676669581	Duration: 2.81 ms	Billed Duration: 3 ms	Memory Size: 3008 MB	Max Memory Used: 146 MB	
"
1767186216581,"START RequestId: b7bf97c7-f18f-4cbd-9157-69bb35982f35 Version: $LATEST
"
1767186216623,"[INFO]	2025-12-31T13:03:36.623Z	b7bf97c7-f18f-4cbd-9157-69bb35982f35	Starting contract analysis
"
1767186216707,"END RequestId: b7bf97c7-f18f-4cbd-9157-69bb35982f35
"
1767186216707,"REPORT RequestId: b7bf97c7-f18f-4cbd-9157-69bb35982f35	Duration: 125.10 ms	Billed Duration: 126 ms	Memory Size: 3008 MB	Max Memory Used: 147 MB	
"
1767186216777,"START RequestId: d6beaddf-bbb6-4d45-a4c6-38ef0867090f Version: $LATEST
"
1767186216780,"END RequestId: d6beaddf-bbb6-4d45-a4c6-38ef0867090f
"
1767186216780,"REPORT RequestId: d6beaddf-bbb6-4d45-a4c6-38ef0867090f	Duration: 2.88 ms	Billed Duration: 3 ms	Memory Size: 3008 MB	Max Memory Used: 147 MB	
"
1767186216855,"START RequestId: 1cf03444-47cd-4980-82b1-9e96ae360c2b Version: $LATEST
"
1767186216883,"[WARNING]	2025-12-31T13:03:36.883Z	1cf03444-47cd-4980-82b1-9e96ae360c2b	Failed to query Step Functions
"
1767186216885,"END RequestId: 1cf03444-47cd-4980-82b1-9e96ae360c2b
"
1767186216885,"REPORT RequestId: 1cf03444-47cd-4980-82b1-9e96ae360c2b	Duration: 29.48 ms	Billed Duration: 30 ms	Memory Size: 3008 MB	Max Memory Used: 147 MB	
"
1767186217976,"START RequestId: fc1b052f-e998-448b-914b-a5ee07871cc2 Version: $LATEST
"
1767186217987,"[WARNING]	2025-12-31T13:03:37.987Z	fc1b052f-e998-448b-914b-a5ee07871cc2	Failed to query Step Functions
"
1767186217989,"END RequestId: fc1b052f-e998-448b-914b-a5ee07871cc2
"
1767186217989,"REPORT RequestId: fc1b052f-e998-448b-914b-a5ee07871cc2	Duration: 12.51 ms	Billed Duration: 13 ms	Memory Size: 3008 MB	Max Memory Used: 147 MB	
"
1767186219068,"START RequestId: c94ae960-bb84-44fe-a945-67391c677a10 Version: $LATEST
"
1767186219078,"[WARNING]	2025-12-31T13:03:39.078Z	c94ae960-bb84-44fe-a945-67391c677a10	Failed to query Step Functions
"
1767186219080,"END RequestId: c94ae960-bb84-44fe-a945-67391c677a10
"
1767186219080,"REPORT RequestId: c94ae960-bb84-44fe-a945-67391c677a10	Duration: 11.77 ms	Billed Duration: 12 ms	Memory Size: 3008 MB	Max Memory Used: 147 MB	
"
1767186220155,"START RequestId: 06d16191-7ec2-4d3f-a7b5-07f142cbecd4 Version: $LATEST
"
1767186220165,"[WARNING]	2025-12-31T13:03:40.165Z	06d16191-7ec2-4d3f-a7b5-07f142cbecd4	Failed to query Step Functions
"
1767186220167,"END RequestId: 06d16191-7ec2-4d3f-a7b5-07f142cbecd4
"
1767186220167,"REPORT RequestId: 06d16191-7ec2-4d3f-a7b5-07f142cbecd4	Duration: 11.67 ms	Billed Duration: 12 ms	Memory Size: 3008 MB	Max Memory Used: 147 MB	
"
1767186221252,"START RequestId: ad17a5dc-7beb-4025-9cc7-083419f48456 Version: $LATEST
"
1767186221261,"[WARNING]	2025-12-31T13:03:41.261Z	ad17a5dc-7beb-4025-9cc7-083419f48456	Failed to query Step Functions
"
1767186221263,"END RequestId: ad17a5dc-7beb-4025-9cc7-083419f48456
"
1767186221263,"REPORT RequestId: ad17a5dc-7beb-4025-9cc7-083419f48456	Duration: 10.38 ms	Billed Duration: 11 ms	Memory Size: 3008 MB	Max Memory Used: 147 MB	
"
1767186222378,"START RequestId: 222e9add-e962-4ca9-8b2b-132afbc5809c Version: $LATEST
"
1767186222387,"[WARNING]	2025-12-31T13:03:42.387Z	222e9add-e962-4ca9-8b2b-132afbc5809c	Failed to query Step Functions
"
1767186222389,"END RequestId: 222e9add-e962-4ca9-8b2b-132afbc5809c
"
1767186222389,"REPORT RequestId: 222e9add-e962-4ca9-8b2b-132afbc5809c	Duration: 11.06 ms	Billed Duration: 12 ms	Memory Size: 3008 MB	Max Memory Used: 147 MB	
"
1767186223472,"START RequestId: 7853f48a-cd94-434c-8966-48a1b22265ec Version: $LATEST
"
1767186223482,"[WARNING]	2025-12-31T13:03:43.482Z	7853f48a-cd94-434c-8966-48a1b22265ec	Failed to query Step Functions
"
1767186223484,"END RequestId: 7853f48a-cd94-434c-8966-48a1b22265ec
"
1767186223484,"REPORT RequestId: 7853f48a-cd94-434c-8966-48a1b22265ec	Duration: 11.42 ms	Billed Duration: 12 ms	Memory Size: 3008 MB	Max Memory Used: 147 MB	
"
1767186224572,"START RequestId: 9e83079b-8d19-4f03-b344-5ff967cc6073 Version: $LATEST
"
1767186224582,"[WARNING]	2025-12-31T13:03:44.582Z	9e83079b-8d19-4f03-b344-5ff967cc6073	Failed to query Step Functions
"
1767186224584,"END RequestId: 9e83079b-8d19-4f03-b344-5ff967cc6073
"
1767186224584,"REPORT RequestId: 9e83079b-8d19-4f03-b344-5ff967cc6073	Duration: 11.42 ms	Billed Duration: 12 ms	Memory Size: 3008 MB	Max Memory Used: 147 MB	
"
1767186225672,"START RequestId: ff45008f-9683-4123-b90f-3cbdc20f44bb Version: $LATEST
"
1767186225681,"[WARNING]	2025-12-31T13:03:45.681Z	ff45008f-9683-4123-b90f-3cbdc20f44bb	Failed to query Step Functions
"
1767186225685,"END RequestId: ff45008f-9683-4123-b90f-3cbdc20f44bb
"
1767186225685,"REPORT RequestId: ff45008f-9683-4123-b90f-3cbdc20f44bb	Duration: 12.27 ms	Billed Duration: 13 ms	Memory Size: 3008 MB	Max Memory Used: 147 MB	
"
1767186226770,"START RequestId: 2b21a94f-a3b7-4609-824a-d94016439bf0 Version: $LATEST
"
1767186226779,"[WARNING]	2025-12-31T13:03:46.779Z	2b21a94f-a3b7-4609-824a-d94016439bf0	Failed to query Step Functions
"
1767186226781,"END RequestId: 2b21a94f-a3b7-4609-824a-d94016439bf0
"
1767186226781,"REPORT RequestId: 2b21a94f-a3b7-4609-824a-d94016439bf0	Duration: 10.82 ms	Billed Duration: 11 ms	Memory Size: 3008 MB	Max Memory Used: 147 MB	
"
1767186227863,"START RequestId: 2d666548-6b42-4329-8055-1150d4ac0ab5 Version: $LATEST
"
1767186227872,"[WARNING]	2025-12-31T13:03:47.872Z	2d666548-6b42-4329-8055-1150d4ac0ab5	Failed to query Step Functions
"
1767186227876,"END RequestId: 2d666548-6b42-4329-8055-1150d4ac0ab5
"
1767186227876,"REPORT RequestId: 2d666548-6b42-4329-8055-1150d4ac0ab5	Duration: 12.01 ms	Billed Duration: 13 ms	Memory Size: 3008 MB	Max Memory Used: 147 MB	
"